period_s,radius_m,measured_N,simulated_N,rel_diff,cycles_averaged,slack_evals,dt_s,finite
1.25,0.075,42.5,42.7912,0.0069,5,244981,0.00011132807100610067,True
1.25,0.1,46.8,49.9241,0.0668,5,5270059,0.00011132807100610067,True
1.25,0.125,54.1,57.8957,0.0702,5,7124045,0.00011132807100610067,True
1.25,0.15,60.4,64.0890,0.0611,5,8230200,0.00011132807100610067,True
1.25,0.2,70.3,75.2341,0.0702,5,10289139,0.00011132807100610067,True
1.5,0.075,41.0,41.1125,0.0027,5,14517,0.00011132807100610067,True
1.5,0.1,45.3,48.0352,0.0604,5,4323233,0.00011132807100610067,True
1.5,0.125,51.5,54.9729,0.0674,5,7440961,0.00011132807100610067,True
1.5,0.15,59.0,61.4027,0.0407,5,9401290,0.00011132807100610067,True
1.5,0.2,68.0,75.6170,0.1120,5,11724490,0.00011132807100610067,True
2.0,0.075,36.0,37.5574,0.0433,5,9643,0.00011132807100610067,True
2.0,0.1,39.5,44.1334,0.1173,5,367348,0.00011132807100610067,True
2.0,0.125,47.5,51.1445,0.0767,5,1823180,0.00011132807100610067,True
2.0,0.15,54.1,57.5001,0.0628,5,8071307,0.00011132807100610067,True
2.0,0.2,62.3,70.1908,0.1267,5,13492435,0.00011132807100610067,True
2.5,0.075,31.1,34.8550,0.1207,5,9643,0.00011132807100610067,True
2.5,0.1,35.4,40.8170,0.1530,5,9643,0.00011132807100610067,True
2.5,0.125,42.5,47.3758,0.1147,5,711041,0.00011132807100610067,True
2.5,0.15,49.0,53.7961,0.0979,5,2011953,0.00011132807100610067,True
2.5,0.2,57.3,66.1559,0.1546,5,14304838,0.00011132807100610067,True
3.0,0.075,29.5,32.9089,0.1156,5,9643,0.00011132807100610067,True
3.0,0.1,33.1,38.2578,0.1558,5,9643,0.00011132807100610067,True
3.0,0.125,39.3,44.0045,0.1197,5,11370,0.00011132807100610067,True
3.0,0.15,45.8,50.2211,0.0965,5,1262348,0.00011132807100610067,True
3.0,0.2,54.0,62.1921,0.1517,5,4255598,0.00011132807100610067,True
3.5,0.075,27.8,31.5378,0.1345,5,9643,0.00011132807100610067,True
3.5,0.1,31.5,36.3176,0.1529,5,9643,0.00011132807100610067,True
3.5,0.125,37.5,41.5517,0.1080,5,9643,0.00011132807100610067,True
3.5,0.15,42.5,47.1264,0.1089,5,307113,0.00011132807100610067,True
3.5,0.2,50.1,58.9790,0.1772,5,3377434,0.00011132807100610067,True
