# Lopez-Olocco et al. (2022) J. Mar. Sci. Eng. 10(5):676, Tables 8 (maximum) and 9 (minimum) fairlead tension [N]; transcribed from the paper's text layer (not digitised from figures).
# configuration: WO_CW = no clumped weight, CW1 = clump at Ls/3 from the fairlead, CW2 = clump at Ls/2. Amplitude A [m], period T [s].
quantity,configuration,amplitude_m,T2.8,T3.0,T3.5,T4.0,T4.5,T5.0,T5.5
max,WO_CW,0.125,15.35,14.88,14.07,13.55,13.2,12.96,12.8
max,CW1,0.125,16.3,15.78,14.99,14.31,13.92,13.65,13.47
max,CW2,0.125,16.83,16.31,15.37,14.77,14.35,14.06,13.87
max,WO_CW,0.15,16.94,16.32,15.19,14.45,13.93,13.57,13.32
max,CW1,0.15,18.23,17.32,16.07,15.22,14.67,14.4,14.0
max,CW2,0.15,18.44,17.74,16.56,15.71,15.13,15.72,14.42
max,WO_CW,0.175,18.68,17.84,16.4,15.66,14.71,14.24,13.89
max,CW1,0.175,19.86,18.93,17.29,16.18,15.44,14.92,14.54
max,CW2,0.175,20.41,19.5,17.83,16.72,15.94,15.41,15.0
max,WO_CW,0.2,20.73,19.68,17.8,16.5,15.63,15.0,14.55
max,CW1,0.2,21.88,20.74,18.72,17.31,16.35,15.69,15.2
max,CW2,0.2,22.37,21.33,19.6,18.12,17.1,16.28,15.78
max,WO_CW,0.225,23.2,21.87,19.46,17.86,16.72,15.95,15.33
max,CW1,0.225,24.31,22.83,20.35,18.59,17.44,16.58,15.95
max,CW2,0.225,25.24,23.96,21.11,19.38,18.36,17.33,17.05
min,WO_CW,0.125,7.826,8.189,8.959,9.558,9.876,10.14,10.34
min,CW1,0.125,7.758,8.247,9.453,10.04,10.44,10.64,10.9
min,CW2,0.125,8.151,8.626,9.561,10.18,10.59,10.88,11.09
min,WO_CW,0.15,6.601,7.116,8.057,8.693,9.289,9.662,9.917
min,CW1,0.15,6.305,7.064,8.282,9.283,9.832,10.21,10.5
min,CW2,0.15,6.941,7.413,8.55,9.359,9.874,10.33,10.63
min,WO_CW,0.175,5.48,5.935,6.999,7.931,8.571,9.04,9.379
min,CW1,0.175,5.56,6.147,7.036,8.004,8.914,9.578,9.995
min,CW2,0.175,5.797,6.311,7.486,8.419,9.1,9.507,10.07
min,WO_CW,0.2,4.388,4.921,6.074,6.895,7.779,8.358,8.805
min,CW1,0.2,4.626,5.181,6.384,7.163,7.961,8.923,9.402
min,CW2,0.2,4.79,5.4,6.424,7.467,8.297,8.911,9.39
min,WO_CW,0.225,3.463,3.93,5.115,6.116,6.912,7.655,8.194
min,CW1,0.225,3.38,4.222,5.478,6.496,7.326,7.881,8.586
min,CW2,0.225,3.857,4.203,5.449,6.519,7.452,8.117,8.608
